"","id","term","ontology","hie","level","relation"
"K","K","all","KEGG","K","0","is_a"
"K.01","K.01","Metabolism","KEGG","K.01","1","is_a"
"K.01.01","K.01.01","Global and overview maps","KEGG","K.01.01","2","is_a"
"K.01.01.01","01100","Metabolic pathways","KEGG","K.01.01.01","3","is_a"
"K.01.01.02","01110","Biosynthesis of secondary metabolites","KEGG","K.01.01.02","3","is_a"
"K.01.01.03","01120","Microbial metabolism in diverse environments","KEGG","K.01.01.03","3","is_a"
"K.01.01.04","01130","Biosynthesis of antibiotics","KEGG","K.01.01.04","3","is_a"
"K.01.01.05","01200","Carbon metabolism","KEGG","K.01.01.05","3","is_a"
"K.01.01.06","01210","2-Oxocarboxylic acid metabolism","KEGG","K.01.01.06","3","is_a"
"K.01.01.07","01212","Fatty acid metabolism","KEGG","K.01.01.07","3","is_a"
"K.01.01.08","01230","Biosynthesis of amino acids","KEGG","K.01.01.08","3","is_a"
"K.01.01.09","01220","Degradation of aromatic compounds","KEGG","K.01.01.09","3","is_a"
"K.01.02","K.01.02","Carbohydrate metabolism","KEGG","K.01.02","2","is_a"
"K.01.02.01","00010","Glycolysis / Gluconeogenesis","KEGG","K.01.02.01","3","is_a"
"K.01.02.02","00020","Citrate cycle (TCA cycle)","KEGG","K.01.02.02","3","is_a"
"K.01.02.03","00030","Pentose phosphate pathway","KEGG","K.01.02.03","3","is_a"
"K.01.02.04","00040","Pentose and glucuronate interconversions","KEGG","K.01.02.04","3","is_a"
"K.01.02.05","00051","Fructose and mannose metabolism","KEGG","K.01.02.05","3","is_a"
"K.01.02.06","00052","Galactose metabolism","KEGG","K.01.02.06","3","is_a"
"K.01.02.07","00053","Ascorbate and aldarate metabolism","KEGG","K.01.02.07","3","is_a"
"K.01.02.08","00500","Starch and sucrose metabolism","KEGG","K.01.02.08","3","is_a"
"K.01.02.09","00520","Amino sugar and nucleotide sugar metabolism","KEGG","K.01.02.09","3","is_a"
"K.01.02.10","00620","Pyruvate metabolism","KEGG","K.01.02.10","3","is_a"
"K.01.02.11","00630","Glyoxylate and dicarboxylate metabolism","KEGG","K.01.02.11","3","is_a"
"K.01.02.12","00640","Propanoate metabolism","KEGG","K.01.02.12","3","is_a"
"K.01.02.13","00650","Butanoate metabolism","KEGG","K.01.02.13","3","is_a"
"K.01.02.14","00660","C5-Branched dibasic acid metabolism","KEGG","K.01.02.14","3","is_a"
"K.01.02.15","00562","Inositol phosphate metabolism","KEGG","K.01.02.15","3","is_a"
"K.01.03","K.01.03","Energy metabolism","KEGG","K.01.03","2","is_a"
"K.01.03.01","00190","Oxidative phosphorylation","KEGG","K.01.03.01","3","is_a"
"K.01.03.02","00195","Photosynthesis","KEGG","K.01.03.02","3","is_a"
"K.01.03.03","00196","Photosynthesis - antenna proteins","KEGG","K.01.03.03","3","is_a"
"K.01.03.04","00710","Carbon fixation in photosynthetic organisms","KEGG","K.01.03.04","3","is_a"
"K.01.03.05","00720","Carbon fixation pathways in prokaryotes","KEGG","K.01.03.05","3","is_a"
"K.01.03.06","00680","Methane metabolism","KEGG","K.01.03.06","3","is_a"
"K.01.03.07","00910","Nitrogen metabolism","KEGG","K.01.03.07","3","is_a"
"K.01.03.08","00920","Sulfur metabolism","KEGG","K.01.03.08","3","is_a"
"K.01.04","K.01.04","Lipid metabolism","KEGG","K.01.04","2","is_a"
"K.01.04.01","00061","Fatty acid biosynthesis","KEGG","K.01.04.01","3","is_a"
"K.01.04.02","00062","Fatty acid elongation","KEGG","K.01.04.02","3","is_a"
"K.01.04.03","00071","Fatty acid degradation","KEGG","K.01.04.03","3","is_a"
"K.01.04.04","00072","Synthesis and degradation of ketone bodies","KEGG","K.01.04.04","3","is_a"
"K.01.04.05","00073","Cutin, suberine and wax biosynthesis","KEGG","K.01.04.05","3","is_a"
"K.01.04.06","00100","Steroid biosynthesis","KEGG","K.01.04.06","3","is_a"
"K.01.04.07","00120","Primary bile acid biosynthesis","KEGG","K.01.04.07","3","is_a"
"K.01.04.08","00121","Secondary bile acid biosynthesis","KEGG","K.01.04.08","3","is_a"
"K.01.04.09","00140","Steroid hormone biosynthesis","KEGG","K.01.04.09","3","is_a"
"K.01.04.10","00561","Glycerolipid metabolism","KEGG","K.01.04.10","3","is_a"
"K.01.04.11","00564","Glycerophospholipid metabolism","KEGG","K.01.04.11","3","is_a"
"K.01.04.12","00565","Ether lipid metabolism","KEGG","K.01.04.12","3","is_a"
"K.01.04.13","00600","Sphingolipid metabolism","KEGG","K.01.04.13","3","is_a"
"K.01.04.14","00590","Arachidonic acid metabolism","KEGG","K.01.04.14","3","is_a"
"K.01.04.15","00591","Linoleic acid metabolism","KEGG","K.01.04.15","3","is_a"
"K.01.04.16","00592","alpha-Linolenic acid metabolism","KEGG","K.01.04.16","3","is_a"
"K.01.04.17","01040","Biosynthesis of unsaturated fatty acids","KEGG","K.01.04.17","3","is_a"
"K.01.05","K.01.05","Nucleotide metabolism","KEGG","K.01.05","2","is_a"
"K.01.05.01","00230","Purine metabolism","KEGG","K.01.05.01","3","is_a"
"K.01.05.02","00240","Pyrimidine metabolism","KEGG","K.01.05.02","3","is_a"
"K.01.06","K.01.06","Amino acid metabolism","KEGG","K.01.06","2","is_a"
"K.01.06.01","00250","Alanine, aspartate and glutamate metabolism","KEGG","K.01.06.01","3","is_a"
"K.01.06.02","00260","Glycine, serine and threonine metabolism","KEGG","K.01.06.02","3","is_a"
"K.01.06.03","00270","Cysteine and methionine metabolism","KEGG","K.01.06.03","3","is_a"
"K.01.06.04","00280","Valine, leucine and isoleucine degradation","KEGG","K.01.06.04","3","is_a"
"K.01.06.05","00290","Valine, leucine and isoleucine biosynthesis","KEGG","K.01.06.05","3","is_a"
"K.01.06.06","00300","Lysine biosynthesis","KEGG","K.01.06.06","3","is_a"
"K.01.06.07","00310","Lysine degradation","KEGG","K.01.06.07","3","is_a"
"K.01.06.08","00220","Arginine biosynthesis","KEGG","K.01.06.08","3","is_a"
"K.01.06.09","00330","Arginine and proline metabolism","KEGG","K.01.06.09","3","is_a"
"K.01.06.10","00340","Histidine metabolism","KEGG","K.01.06.10","3","is_a"
"K.01.06.11","00350","Tyrosine metabolism","KEGG","K.01.06.11","3","is_a"
"K.01.06.12","00360","Phenylalanine metabolism","KEGG","K.01.06.12","3","is_a"
"K.01.06.13","00380","Tryptophan metabolism","KEGG","K.01.06.13","3","is_a"
"K.01.06.14","00400","Phenylalanine, tyrosine and tryptophan biosynthesis","KEGG","K.01.06.14","3","is_a"
"K.01.07","K.01.07","Metabolism of other amino acids","KEGG","K.01.07","2","is_a"
"K.01.07.01","00410","beta-Alanine metabolism","KEGG","K.01.07.01","3","is_a"
"K.01.07.02","00430","Taurine and hypotaurine metabolism","KEGG","K.01.07.02","3","is_a"
"K.01.07.03","00440","Phosphonate and phosphinate metabolism","KEGG","K.01.07.03","3","is_a"
"K.01.07.04","00450","Selenocompound metabolism","KEGG","K.01.07.04","3","is_a"
"K.01.07.05","00460","Cyanoamino acid metabolism","KEGG","K.01.07.05","3","is_a"
"K.01.07.06","00471","D-Glutamine and D-glutamate metabolism","KEGG","K.01.07.06","3","is_a"
"K.01.07.07","00472","D-Arginine and D-ornithine metabolism","KEGG","K.01.07.07","3","is_a"
"K.01.07.08","00473","D-Alanine metabolism","KEGG","K.01.07.08","3","is_a"
"K.01.07.09","00480","Glutathione metabolism","KEGG","K.01.07.09","3","is_a"
"K.01.08","K.01.08","Glycan biosynthesis and metabolism","KEGG","K.01.08","2","is_a"
"K.01.08.01","00510","N-Glycan biosynthesis","KEGG","K.01.08.01","3","is_a"
"K.01.08.02","00513","Various types of N-glycan biosynthesis","KEGG","K.01.08.02","3","is_a"
"K.01.08.03","00512","Mucin type O-glycan biosynthesis","KEGG","K.01.08.03","3","is_a"
"K.01.08.04","00515","Mannose type O-glycan biosynthesis","KEGG","K.01.08.04","3","is_a"
"K.01.08.05","00514","Other types of O-glycan biosynthesis","KEGG","K.01.08.05","3","is_a"
"K.01.08.06","00532","Glycosaminoglycan biosynthesis - chondroitin sulfate / dermatan sulfate","KEGG","K.01.08.06","3","is_a"
"K.01.08.07","00534","Glycosaminoglycan biosynthesis - heparan sulfate / heparin","KEGG","K.01.08.07","3","is_a"
"K.01.08.08","00533","Glycosaminoglycan biosynthesis - keratan sulfate","KEGG","K.01.08.08","3","is_a"
"K.01.08.09","00531","Glycosaminoglycan degradation","KEGG","K.01.08.09","3","is_a"
"K.01.08.10","00563","Glycosylphosphatidylinositol (GPI)-anchor biosynthesis","KEGG","K.01.08.10","3","is_a"
"K.01.08.11","00601","Glycosphingolipid biosynthesis - lacto and neolacto series","KEGG","K.01.08.11","3","is_a"
"K.01.08.12","00603","Glycosphingolipid biosynthesis - globo and isoglobo series","KEGG","K.01.08.12","3","is_a"
"K.01.08.13","00604","Glycosphingolipid biosynthesis - ganglio series","KEGG","K.01.08.13","3","is_a"
"K.01.08.14","00540","Lipopolysaccharide biosynthesis","KEGG","K.01.08.14","3","is_a"
"K.01.08.15","00550","Peptidoglycan biosynthesis","KEGG","K.01.08.15","3","is_a"
"K.01.08.16","00511","Other glycan degradation","KEGG","K.01.08.16","3","is_a"
"K.01.08.17","00571","Lipoarabinomannan (LAM) biosynthesis","KEGG","K.01.08.17","3","is_a"
"K.01.08.18","00572","Arabinogalactan biosynthesis - Mycobacterium","KEGG","K.01.08.18","3","is_a"
"K.01.09","K.01.09","Metabolism of cofactors and vitamins","KEGG","K.01.09","2","is_a"
"K.01.09.01","00730","Thiamine metabolism","KEGG","K.01.09.01","3","is_a"
"K.01.09.02","00740","Riboflavin metabolism","KEGG","K.01.09.02","3","is_a"
"K.01.09.03","00750","Vitamin B6 metabolism","KEGG","K.01.09.03","3","is_a"
"K.01.09.04","00760","Nicotinate and nicotinamide metabolism","KEGG","K.01.09.04","3","is_a"
"K.01.09.05","00770","Pantothenate and CoA biosynthesis","KEGG","K.01.09.05","3","is_a"
"K.01.09.06","00780","Biotin metabolism","KEGG","K.01.09.06","3","is_a"
"K.01.09.07","00785","Lipoic acid metabolism","KEGG","K.01.09.07","3","is_a"
"K.01.09.08","00790","Folate biosynthesis","KEGG","K.01.09.08","3","is_a"
"K.01.09.09","00670","One carbon pool by folate","KEGG","K.01.09.09","3","is_a"
"K.01.09.10","00830","Retinol metabolism","KEGG","K.01.09.10","3","is_a"
"K.01.09.11","00860","Porphyrin and chlorophyll metabolism","KEGG","K.01.09.11","3","is_a"
"K.01.09.12","00130","Ubiquinone and other terpenoid-quinone biosynthesis","KEGG","K.01.09.12","3","is_a"
"K.01.10","K.01.10","Metabolism of terpenoids and polyketides","KEGG","K.01.10","2","is_a"
"K.01.10.01","00900","Terpenoid backbone biosynthesis","KEGG","K.01.10.01","3","is_a"
"K.01.10.02","00902","Monoterpenoid biosynthesis","KEGG","K.01.10.02","3","is_a"
"K.01.10.03","00909","Sesquiterpenoid and triterpenoid biosynthesis","KEGG","K.01.10.03","3","is_a"
"K.01.10.04","00904","Diterpenoid biosynthesis","KEGG","K.01.10.04","3","is_a"
"K.01.10.05","00906","Carotenoid biosynthesis","KEGG","K.01.10.05","3","is_a"
"K.01.10.06","00905","Brassinosteroid biosynthesis","KEGG","K.01.10.06","3","is_a"
"K.01.10.07","00981","Insect hormone biosynthesis","KEGG","K.01.10.07","3","is_a"
"K.01.10.08","00908","Zeatin biosynthesis","KEGG","K.01.10.08","3","is_a"
"K.01.10.09","00903","Limonene and pinene degradation","KEGG","K.01.10.09","3","is_a"
"K.01.10.10","00281","Geraniol degradation","KEGG","K.01.10.10","3","is_a"
"K.01.10.11","01052","Type I polyketide structures","KEGG","K.01.10.11","3","is_a"
"K.01.10.12","00522","Biosynthesis of 12-, 14- and 16-membered macrolides","KEGG","K.01.10.12","3","is_a"
"K.01.10.13","01051","Biosynthesis of ansamycins","KEGG","K.01.10.13","3","is_a"
"K.01.10.14","01059","Biosynthesis of enediyne antibiotics","KEGG","K.01.10.14","3","is_a"
"K.01.10.15","01056","Biosynthesis of type II polyketide backbone","KEGG","K.01.10.15","3","is_a"
"K.01.10.16","01057","Biosynthesis of type II polyketide products","KEGG","K.01.10.16","3","is_a"
"K.01.10.17","00253","Tetracycline biosynthesis","KEGG","K.01.10.17","3","is_a"
"K.01.10.18","00523","Polyketide sugar unit biosynthesis","KEGG","K.01.10.18","3","is_a"
"K.01.10.19","01054","Nonribosomal peptide structures","KEGG","K.01.10.19","3","is_a"
"K.01.10.20","01053","Biosynthesis of siderophore group nonribosomal peptides","KEGG","K.01.10.20","3","is_a"
"K.01.10.21","01055","Biosynthesis of vancomycin group antibiotics","KEGG","K.01.10.21","3","is_a"
"K.01.11","K.01.11","Biosynthesis of other secondary metabolites","KEGG","K.01.11","2","is_a"
"K.01.11.01","00940","Phenylpropanoid biosynthesis","KEGG","K.01.11.01","3","is_a"
"K.01.11.02","00945","Stilbenoid, diarylheptanoid and gingerol biosynthesis","KEGG","K.01.11.02","3","is_a"
"K.01.11.03","00941","Flavonoid biosynthesis","KEGG","K.01.11.03","3","is_a"
"K.01.11.04","00944","Flavone and flavonol biosynthesis","KEGG","K.01.11.04","3","is_a"
"K.01.11.05","00942","Anthocyanin biosynthesis","KEGG","K.01.11.05","3","is_a"
"K.01.11.06","00943","Isoflavonoid biosynthesis","KEGG","K.01.11.06","3","is_a"
"K.01.11.07","00901","Indole alkaloid biosynthesis","KEGG","K.01.11.07","3","is_a"
"K.01.11.08","00403","Indole diterpene alkaloid biosynthesis","KEGG","K.01.11.08","3","is_a"
"K.01.11.09","00950","Isoquinoline alkaloid biosynthesis","KEGG","K.01.11.09","3","is_a"
"K.01.11.10","00960","Tropane, piperidine and pyridine alkaloid biosynthesis","KEGG","K.01.11.10","3","is_a"
"K.01.11.11","01058","Acridone alkaloid biosynthesis","KEGG","K.01.11.11","3","is_a"
"K.01.11.12","00232","Caffeine metabolism","KEGG","K.01.11.12","3","is_a"
"K.01.11.13","00965","Betalain biosynthesis","KEGG","K.01.11.13","3","is_a"
"K.01.11.14","00966","Glucosinolate biosynthesis","KEGG","K.01.11.14","3","is_a"
"K.01.11.15","00402","Benzoxazinoid biosynthesis","KEGG","K.01.11.15","3","is_a"
"K.01.11.16","00311","Penicillin and cephalosporin biosynthesis","KEGG","K.01.11.16","3","is_a"
"K.01.11.17","00332","Carbapenem biosynthesis","KEGG","K.01.11.17","3","is_a"
"K.01.11.18","00261","Monobactam biosynthesis","KEGG","K.01.11.18","3","is_a"
"K.01.11.19","00331","Clavulanic acid biosynthesis","KEGG","K.01.11.19","3","is_a"
"K.01.11.20","00521","Streptomycin biosynthesis","KEGG","K.01.11.20","3","is_a"
"K.01.11.21","00524","Neomycin, kanamycin and gentamicin biosynthesis","KEGG","K.01.11.21","3","is_a"
"K.01.11.22","00525","Acarbose and validamycin biosynthesis","KEGG","K.01.11.22","3","is_a"
"K.01.11.23","00231","Puromycin biosynthesis","KEGG","K.01.11.23","3","is_a"
"K.01.11.24","00401","Novobiocin biosynthesis","KEGG","K.01.11.24","3","is_a"
"K.01.11.25","00404","Staurosporine biosynthesis","KEGG","K.01.11.25","3","is_a"
"K.01.11.26","00405","Phenazine biosynthesis","KEGG","K.01.11.26","3","is_a"
"K.01.11.27","00333","Prodigiosin biosynthesis","KEGG","K.01.11.27","3","is_a"
"K.01.11.28","00254","Aflatoxin biosynthesis","KEGG","K.01.11.28","3","is_a"
"K.01.11.29","00999","Biosynthesis of secondary metabolites - unclassified","KEGG","K.01.11.29","3","is_a"
"K.01.12","K.01.12","Xenobiotics biodegradation and metabolism","KEGG","K.01.12","2","is_a"
"K.01.12.01","00362","Benzoate degradation","KEGG","K.01.12.01","3","is_a"
"K.01.12.02","00627","Aminobenzoate degradation","KEGG","K.01.12.02","3","is_a"
"K.01.12.03","00364","Fluorobenzoate degradation","KEGG","K.01.12.03","3","is_a"
"K.01.12.04","00625","Chloroalkane and chloroalkene degradation","KEGG","K.01.12.04","3","is_a"
"K.01.12.05","00361","Chlorocyclohexane and chlorobenzene degradation","KEGG","K.01.12.05","3","is_a"
"K.01.12.06","00623","Toluene degradation","KEGG","K.01.12.06","3","is_a"
"K.01.12.07","00622","Xylene degradation","KEGG","K.01.12.07","3","is_a"
"K.01.12.08","00633","Nitrotoluene degradation","KEGG","K.01.12.08","3","is_a"
"K.01.12.09","00642","Ethylbenzene degradation","KEGG","K.01.12.09","3","is_a"
"K.01.12.10","00643","Styrene degradation","KEGG","K.01.12.10","3","is_a"
"K.01.12.11","00791","Atrazine degradation","KEGG","K.01.12.11","3","is_a"
"K.01.12.12","00930","Caprolactam degradation","KEGG","K.01.12.12","3","is_a"
"K.01.12.13","00363","Bisphenol degradation","KEGG","K.01.12.13","3","is_a"
"K.01.12.14","00621","Dioxin degradation","KEGG","K.01.12.14","3","is_a"
"K.01.12.15","00626","Naphthalene degradation","KEGG","K.01.12.15","3","is_a"
"K.01.12.16","00624","Polycyclic aromatic hydrocarbon degradation","KEGG","K.01.12.16","3","is_a"
"K.01.12.17","00365","Furfural degradation","KEGG","K.01.12.17","3","is_a"
"K.01.12.18","00984","Steroid degradation","KEGG","K.01.12.18","3","is_a"
"K.01.12.19","00980","Metabolism of xenobiotics by cytochrome P450","KEGG","K.01.12.19","3","is_a"
"K.01.12.20","00982","Drug metabolism - cytochrome P450","KEGG","K.01.12.20","3","is_a"
"K.01.12.21","00983","Drug metabolism - other enzymes","KEGG","K.01.12.21","3","is_a"
"K.01.13","K.01.13","Chemical structure transformation maps","KEGG","K.01.13","2","is_a"
"K.01.13.01","01010","Overview of biosynthetic pathways","KEGG","K.01.13.01","3","is_a"
"K.01.13.02","01060","Biosynthesis of plant secondary metabolites","KEGG","K.01.13.02","3","is_a"
"K.01.13.03","01061","Biosynthesis of phenylpropanoids","KEGG","K.01.13.03","3","is_a"
"K.01.13.04","01062","Biosynthesis of terpenoids and steroids","KEGG","K.01.13.04","3","is_a"
"K.01.13.05","01063","Biosynthesis of alkaloids derived from shikimate pathway","KEGG","K.01.13.05","3","is_a"
"K.01.13.06","01064","Biosynthesis of alkaloids derived from ornithine, lysine and nicotinic acid","KEGG","K.01.13.06","3","is_a"
"K.01.13.07","01065","Biosynthesis of alkaloids derived from histidine and purine","KEGG","K.01.13.07","3","is_a"
"K.01.13.08","01066","Biosynthesis of alkaloids derived from terpenoid and polyketide","KEGG","K.01.13.08","3","is_a"
"K.01.13.09","01070","Biosynthesis of plant hormones","KEGG","K.01.13.09","3","is_a"
"K.02","K.02","Genetic Information Processing","KEGG","K.02","1","is_a"
"K.02.01","K.02.01","Transcription","KEGG","K.02.01","2","is_a"
"K.02.01.01","03020","RNA polymerase","KEGG","K.02.01.01","3","is_a"
"K.02.01.02","03022","Basal transcription factors","KEGG","K.02.01.02","3","is_a"
"K.02.01.03","03040","Spliceosome","KEGG","K.02.01.03","3","is_a"
"K.02.02","K.02.02","Translation","KEGG","K.02.02","2","is_a"
"K.02.02.01","03010","Ribosome","KEGG","K.02.02.01","3","is_a"
"K.02.02.02","00970","Aminoacyl-tRNA biosynthesis","KEGG","K.02.02.02","3","is_a"
"K.02.02.03","03013","RNA transport","KEGG","K.02.02.03","3","is_a"
"K.02.02.04","03015","mRNA surveillance pathway","KEGG","K.02.02.04","3","is_a"
"K.02.02.05","03008","Ribosome biogenesis in eukaryotes","KEGG","K.02.02.05","3","is_a"
"K.02.03","K.02.03","Folding, sorting and degradation","KEGG","K.02.03","2","is_a"
"K.02.03.01","03060","Protein export","KEGG","K.02.03.01","3","is_a"
"K.02.03.02","04141","Protein processing in endoplasmic reticulum","KEGG","K.02.03.02","3","is_a"
"K.02.03.03","04130","SNARE interactions in vesicular transport","KEGG","K.02.03.03","3","is_a"
"K.02.03.04","04120","Ubiquitin mediated proteolysis","KEGG","K.02.03.04","3","is_a"
"K.02.03.05","04122","Sulfur relay system","KEGG","K.02.03.05","3","is_a"
"K.02.03.06","03050","Proteasome","KEGG","K.02.03.06","3","is_a"
"K.02.03.07","03018","RNA degradation","KEGG","K.02.03.07","3","is_a"
"K.02.04","K.02.04","Replication and repair","KEGG","K.02.04","2","is_a"
"K.02.04.01","03030","DNA replication","KEGG","K.02.04.01","3","is_a"
"K.02.04.02","03410","Base excision repair","KEGG","K.02.04.02","3","is_a"
"K.02.04.03","03420","Nucleotide excision repair","KEGG","K.02.04.03","3","is_a"
"K.02.04.04","03430","Mismatch repair","KEGG","K.02.04.04","3","is_a"
"K.02.04.05","03440","Homologous recombination","KEGG","K.02.04.05","3","is_a"
"K.02.04.06","03450","Non-homologous end-joining","KEGG","K.02.04.06","3","is_a"
"K.02.04.07","03460","Fanconi anemia pathway","KEGG","K.02.04.07","3","is_a"
"K.03","K.03","Environmental Information Processing","KEGG","K.03","1","is_a"
"K.03.01","K.03.01","Membrane transport","KEGG","K.03.01","2","is_a"
"K.03.01.01","02010","ABC transporters","KEGG","K.03.01.01","3","is_a"
"K.03.01.02","02060","Phosphotransferase system (PTS)","KEGG","K.03.01.02","3","is_a"
"K.03.01.03","03070","Bacterial secretion system","KEGG","K.03.01.03","3","is_a"
"K.03.02","K.03.02","Signal transduction","KEGG","K.03.02","2","is_a"
"K.03.02.01","02020","Two-component system","KEGG","K.03.02.01","3","is_a"
"K.03.02.02","04014","Ras signaling pathway","KEGG","K.03.02.02","3","is_a"
"K.03.02.03","04015","Rap1 signaling pathway","KEGG","K.03.02.03","3","is_a"
"K.03.02.04","04010","MAPK signaling pathway","KEGG","K.03.02.04","3","is_a"
"K.03.02.05","04013","MAPK signaling pathway - fly","KEGG","K.03.02.05","3","is_a"
"K.03.02.06","04016","MAPK signaling pathway - plant","KEGG","K.03.02.06","3","is_a"
"K.03.02.07","04011","MAPK signaling pathway - yeast","KEGG","K.03.02.07","3","is_a"
"K.03.02.08","04012","ErbB signaling pathway","KEGG","K.03.02.08","3","is_a"
"K.03.02.09","04310","Wnt signaling pathway","KEGG","K.03.02.09","3","is_a"
"K.03.02.10","04330","Notch signaling pathway","KEGG","K.03.02.10","3","is_a"
"K.03.02.11","04340","Hedgehog signaling pathway","KEGG","K.03.02.11","3","is_a"
"K.03.02.12","04341","Hedgehog signaling pathway - fly","KEGG","K.03.02.12","3","is_a"
"K.03.02.13","04350","TGF-beta signaling pathway","KEGG","K.03.02.13","3","is_a"
"K.03.02.14","04390","Hippo signaling pathway","KEGG","K.03.02.14","3","is_a"
"K.03.02.15","04391","Hippo signaling pathway - fly","KEGG","K.03.02.15","3","is_a"
"K.03.02.16","04392","Hippo signaling pathway - multiple species","KEGG","K.03.02.16","3","is_a"
"K.03.02.17","04370","VEGF signaling pathway","KEGG","K.03.02.17","3","is_a"
"K.03.02.18","04371","Apelin signaling pathway","KEGG","K.03.02.18","3","is_a"
"K.03.02.19","04630","Jak-STAT signaling pathway","KEGG","K.03.02.19","3","is_a"
"K.03.02.20","04064","NF-kappa B signaling pathway","KEGG","K.03.02.20","3","is_a"
"K.03.02.21","04668","TNF signaling pathway","KEGG","K.03.02.21","3","is_a"
"K.03.02.22","04066","HIF-1 signaling pathway","KEGG","K.03.02.22","3","is_a"
"K.03.02.23","04068","FoxO signaling pathway","KEGG","K.03.02.23","3","is_a"
"K.03.02.24","04020","Calcium signaling pathway","KEGG","K.03.02.24","3","is_a"
"K.03.02.25","04070","Phosphatidylinositol signaling system","KEGG","K.03.02.25","3","is_a"
"K.03.02.26","04072","Phospholipase D signaling pathway","KEGG","K.03.02.26","3","is_a"
"K.03.02.27","04071","Sphingolipid signaling pathway","KEGG","K.03.02.27","3","is_a"
"K.03.02.28","04024","cAMP signaling pathway","KEGG","K.03.02.28","3","is_a"
"K.03.02.29","04022","cGMP-PKG signaling pathway","KEGG","K.03.02.29","3","is_a"
"K.03.02.30","04151","PI3K-Akt signaling pathway","KEGG","K.03.02.30","3","is_a"
"K.03.02.31","04152","AMPK signaling pathway","KEGG","K.03.02.31","3","is_a"
"K.03.02.32","04150","mTOR signaling pathway","KEGG","K.03.02.32","3","is_a"
"K.03.02.33","04075","Plant hormone signal transduction","KEGG","K.03.02.33","3","is_a"
"K.03.03","K.03.03","Signaling molecules and interaction","KEGG","K.03.03","2","is_a"
"K.03.03.01","04080","Neuroactive ligand-receptor interaction","KEGG","K.03.03.01","3","is_a"
"K.03.03.02","04060","Cytokine-cytokine receptor interaction","KEGG","K.03.03.02","3","is_a"
"K.03.03.03","04512","ECM-receptor interaction","KEGG","K.03.03.03","3","is_a"
"K.03.03.04","04514","Cell adhesion molecules (CAMs)","KEGG","K.03.03.04","3","is_a"
"K.04","K.04","Cellular Processes","KEGG","K.04","1","is_a"
"K.04.01","K.04.01","Transport and catabolism","KEGG","K.04.01","2","is_a"
"K.04.01.01","04144","Endocytosis","KEGG","K.04.01.01","3","is_a"
"K.04.01.02","04145","Phagosome","KEGG","K.04.01.02","3","is_a"
"K.04.01.03","04142","Lysosome","KEGG","K.04.01.03","3","is_a"
"K.04.01.04","04146","Peroxisome","KEGG","K.04.01.04","3","is_a"
"K.04.01.05","04140","Autophagy - animal","KEGG","K.04.01.05","3","is_a"
"K.04.01.06","04138","Autophagy - yeast","KEGG","K.04.01.06","3","is_a"
"K.04.01.07","04136","Autophagy - other","KEGG","K.04.01.07","3","is_a"
"K.04.01.08","04137","Mitophagy - animal","KEGG","K.04.01.08","3","is_a"
"K.04.01.09","04139","Mitophagy - yeast","KEGG","K.04.01.09","3","is_a"
"K.04.02","K.04.02","Cell growth and death","KEGG","K.04.02","2","is_a"
"K.04.02.01","04110","Cell cycle","KEGG","K.04.02.01","3","is_a"
"K.04.02.02","04111","Cell cycle - yeast","KEGG","K.04.02.02","3","is_a"
"K.04.02.03","04112","Cell cycle - Caulobacter","KEGG","K.04.02.03","3","is_a"
"K.04.02.04","04113","Meiosis - yeast","KEGG","K.04.02.04","3","is_a"
"K.04.02.05","04114","Oocyte meiosis","KEGG","K.04.02.05","3","is_a"
"K.04.02.06","04210","Apoptosis","KEGG","K.04.02.06","3","is_a"
"K.04.02.07","04214","Apoptosis - fly","KEGG","K.04.02.07","3","is_a"
"K.04.02.08","04215","Apoptosis - multiple species","KEGG","K.04.02.08","3","is_a"
"K.04.02.09","04216","Ferroptosis","KEGG","K.04.02.09","3","is_a"
"K.04.02.10","04217","Necroptosis","KEGG","K.04.02.10","3","is_a"
"K.04.02.11","04115","p53 signaling pathway","KEGG","K.04.02.11","3","is_a"
"K.04.02.12","04218","Cellular senescence","KEGG","K.04.02.12","3","is_a"
"K.04.03","K.04.03","Cellular community - eukaryotes","KEGG","K.04.03","2","is_a"
"K.04.03.01","04510","Focal adhesion","KEGG","K.04.03.01","3","is_a"
"K.04.03.02","04520","Adherens junction","KEGG","K.04.03.02","3","is_a"
"K.04.03.03","04530","Tight junction","KEGG","K.04.03.03","3","is_a"
"K.04.03.04","04540","Gap junction","KEGG","K.04.03.04","3","is_a"
"K.04.03.05","04550","Signaling pathways regulating pluripotency of stem cells","KEGG","K.04.03.05","3","is_a"
"K.04.04","K.04.04","Cellular community - prokaryotes","KEGG","K.04.04","2","is_a"
"K.04.04.01","02024","Quorum sensing","KEGG","K.04.04.01","3","is_a"
"K.04.04.02","05111","Biofilm formation - Vibrio cholerae","KEGG","K.04.04.02","3","is_a"
"K.04.04.03","02025","Biofilm formation - Pseudomonas aeruginosa","KEGG","K.04.04.03","3","is_a"
"K.04.04.04","02026","Biofilm formation - Escherichia coli","KEGG","K.04.04.04","3","is_a"
"K.04.05","K.04.05","Cell motility","KEGG","K.04.05","2","is_a"
"K.04.05.01","02030","Bacterial chemotaxis","KEGG","K.04.05.01","3","is_a"
"K.04.05.02","02040","Flagellar assembly","KEGG","K.04.05.02","3","is_a"
"K.04.05.03","04810","Regulation of actin cytoskeleton","KEGG","K.04.05.03","3","is_a"
"K.05","K.05","Organismal Systems","KEGG","K.05","1","is_a"
"K.05.01","K.05.01","Immune system","KEGG","K.05.01","2","is_a"
"K.05.01.01","04640","Hematopoietic cell lineage","KEGG","K.05.01.01","3","is_a"
"K.05.01.02","04610","Complement and coagulation cascades","KEGG","K.05.01.02","3","is_a"
"K.05.01.03","04611","Platelet activation","KEGG","K.05.01.03","3","is_a"
"K.05.01.04","04620","Toll-like receptor signaling pathway","KEGG","K.05.01.04","3","is_a"
"K.05.01.05","04624","Toll and Imd signaling pathway","KEGG","K.05.01.05","3","is_a"
"K.05.01.06","04621","NOD-like receptor signaling pathway","KEGG","K.05.01.06","3","is_a"
"K.05.01.07","04622","RIG-I-like receptor signaling pathway","KEGG","K.05.01.07","3","is_a"
"K.05.01.08","04623","Cytosolic DNA-sensing pathway","KEGG","K.05.01.08","3","is_a"
"K.05.01.09","04625","C-type lectin receptor signaling pathway","KEGG","K.05.01.09","3","is_a"
"K.05.01.10","04650","Natural killer cell mediated cytotoxicity","KEGG","K.05.01.10","3","is_a"
"K.05.01.11","04612","Antigen processing and presentation","KEGG","K.05.01.11","3","is_a"
"K.05.01.12","04660","T cell receptor signaling pathway","KEGG","K.05.01.12","3","is_a"
"K.05.01.13","04658","Th1 and Th2 cell differentiation","KEGG","K.05.01.13","3","is_a"
"K.05.01.14","04659","Th17 cell differentiation","KEGG","K.05.01.14","3","is_a"
"K.05.01.15","04657","IL-17 signaling pathway","KEGG","K.05.01.15","3","is_a"
"K.05.01.16","04662","B cell receptor signaling pathway","KEGG","K.05.01.16","3","is_a"
"K.05.01.17","04664","Fc epsilon RI signaling pathway","KEGG","K.05.01.17","3","is_a"
"K.05.01.18","04666","Fc gamma R-mediated phagocytosis","KEGG","K.05.01.18","3","is_a"
"K.05.01.19","04670","Leukocyte transendothelial migration","KEGG","K.05.01.19","3","is_a"
"K.05.01.20","04672","Intestinal immune network for IgA production","KEGG","K.05.01.20","3","is_a"
"K.05.01.21","04062","Chemokine signaling pathway","KEGG","K.05.01.21","3","is_a"
"K.05.02","K.05.02","Endocrine system","KEGG","K.05.02","2","is_a"
"K.05.02.01","04911","Insulin secretion","KEGG","K.05.02.01","3","is_a"
"K.05.02.02","04910","Insulin signaling pathway","KEGG","K.05.02.02","3","is_a"
"K.05.02.03","04922","Glucagon signaling pathway","KEGG","K.05.02.03","3","is_a"
"K.05.02.04","04923","Regulation of lipolysis in adipocytes","KEGG","K.05.02.04","3","is_a"
"K.05.02.05","04920","Adipocytokine signaling pathway","KEGG","K.05.02.05","3","is_a"
"K.05.02.06","03320","PPAR signaling pathway","KEGG","K.05.02.06","3","is_a"
"K.05.02.07","04912","GnRH signaling pathway","KEGG","K.05.02.07","3","is_a"
"K.05.02.08","04913","Ovarian steroidogenesis","KEGG","K.05.02.08","3","is_a"
"K.05.02.09","04915","Estrogen signaling pathway","KEGG","K.05.02.09","3","is_a"
"K.05.02.10","04914","Progesterone-mediated oocyte maturation","KEGG","K.05.02.10","3","is_a"
"K.05.02.11","04917","Prolactin signaling pathway","KEGG","K.05.02.11","3","is_a"
"K.05.02.12","04921","Oxytocin signaling pathway","KEGG","K.05.02.12","3","is_a"
"K.05.02.13","04926","Relaxin signaling pathway","KEGG","K.05.02.13","3","is_a"
"K.05.02.14","04918","Thyroid hormone synthesis","KEGG","K.05.02.14","3","is_a"
"K.05.02.15","04919","Thyroid hormone signaling pathway","KEGG","K.05.02.15","3","is_a"
"K.05.02.16","04928","Parathyroid hormone synthesis, secretion and action","KEGG","K.05.02.16","3","is_a"
"K.05.02.17","04916","Melanogenesis","KEGG","K.05.02.17","3","is_a"
"K.05.02.18","04924","Renin secretion","KEGG","K.05.02.18","3","is_a"
"K.05.02.19","04614","Renin-angiotensin system","KEGG","K.05.02.19","3","is_a"
"K.05.02.20","04925","Aldosterone synthesis and secretion","KEGG","K.05.02.20","3","is_a"
"K.05.02.21","04927","Cortisol synthesis and secretion","KEGG","K.05.02.21","3","is_a"
"K.05.03","K.05.03","Circulatory system","KEGG","K.05.03","2","is_a"
"K.05.03.01","04260","Cardiac muscle contraction","KEGG","K.05.03.01","3","is_a"
"K.05.03.02","04261","Adrenergic signaling in cardiomyocytes","KEGG","K.05.03.02","3","is_a"
"K.05.03.03","04270","Vascular smooth muscle contraction","KEGG","K.05.03.03","3","is_a"
"K.05.04","K.05.04","Digestive system","KEGG","K.05.04","2","is_a"
"K.05.04.01","04970","Salivary secretion","KEGG","K.05.04.01","3","is_a"
"K.05.04.02","04971","Gastric acid secretion","KEGG","K.05.04.02","3","is_a"
"K.05.04.03","04972","Pancreatic secretion","KEGG","K.05.04.03","3","is_a"
"K.05.04.04","04976","Bile secretion","KEGG","K.05.04.04","3","is_a"
"K.05.04.05","04973","Carbohydrate digestion and absorption","KEGG","K.05.04.05","3","is_a"
"K.05.04.06","04974","Protein digestion and absorption","KEGG","K.05.04.06","3","is_a"
"K.05.04.07","04975","Fat digestion and absorption","KEGG","K.05.04.07","3","is_a"
"K.05.04.08","04979","Cholesterol metabolism","KEGG","K.05.04.08","3","is_a"
"K.05.04.09","04977","Vitamin digestion and absorption","KEGG","K.05.04.09","3","is_a"
"K.05.04.10","04978","Mineral absorption","KEGG","K.05.04.10","3","is_a"
"K.05.05","K.05.05","Excretory system","KEGG","K.05.05","2","is_a"
"K.05.05.01","04962","Vasopressin-regulated water reabsorption","KEGG","K.05.05.01","3","is_a"
"K.05.05.02","04960","Aldosterone-regulated sodium reabsorption","KEGG","K.05.05.02","3","is_a"
"K.05.05.03","04961","Endocrine and other factor-regulated calcium reabsorption","KEGG","K.05.05.03","3","is_a"
"K.05.05.04","04964","Proximal tubule bicarbonate reclamation","KEGG","K.05.05.04","3","is_a"
"K.05.05.05","04966","Collecting duct acid secretion","KEGG","K.05.05.05","3","is_a"
"K.05.06","K.05.06","Nervous system","KEGG","K.05.06","2","is_a"
"K.05.06.01","04724","Glutamatergic synapse","KEGG","K.05.06.01","3","is_a"
"K.05.06.02","04727","GABAergic synapse","KEGG","K.05.06.02","3","is_a"
"K.05.06.03","04725","Cholinergic synapse","KEGG","K.05.06.03","3","is_a"
"K.05.06.04","04728","Dopaminergic synapse","KEGG","K.05.06.04","3","is_a"
"K.05.06.05","04726","Serotonergic synapse","KEGG","K.05.06.05","3","is_a"
"K.05.06.06","04720","Long-term potentiation","KEGG","K.05.06.06","3","is_a"
"K.05.06.07","04730","Long-term depression","KEGG","K.05.06.07","3","is_a"
"K.05.06.08","04723","Retrograde endocannabinoid signaling","KEGG","K.05.06.08","3","is_a"
"K.05.06.09","04721","Synaptic vesicle cycle","KEGG","K.05.06.09","3","is_a"
"K.05.06.10","04722","Neurotrophin signaling pathway","KEGG","K.05.06.10","3","is_a"
"K.05.07","K.05.07","Sensory system","KEGG","K.05.07","2","is_a"
"K.05.07.01","04744","Phototransduction","KEGG","K.05.07.01","3","is_a"
"K.05.07.02","04745","Phototransduction - fly","KEGG","K.05.07.02","3","is_a"
"K.05.07.03","04740","Olfactory transduction","KEGG","K.05.07.03","3","is_a"
"K.05.07.04","04742","Taste transduction","KEGG","K.05.07.04","3","is_a"
"K.05.07.05","04750","Inflammatory mediator regulation of TRP channels","KEGG","K.05.07.05","3","is_a"
"K.05.08","K.05.08","Development","KEGG","K.05.08","2","is_a"
"K.05.08.01","04320","Dorso-ventral axis formation","KEGG","K.05.08.01","3","is_a"
"K.05.08.02","04360","Axon guidance","KEGG","K.05.08.02","3","is_a"
"K.05.08.03","04380","Osteoclast differentiation","KEGG","K.05.08.03","3","is_a"
"K.05.09","K.05.09","Aging","KEGG","K.05.09","2","is_a"
"K.05.09.01","04211","Longevity regulating pathway","KEGG","K.05.09.01","3","is_a"
"K.05.09.02","04212","Longevity regulating pathway - worm","KEGG","K.05.09.02","3","is_a"
"K.05.09.03","04213","Longevity regulating pathway - multiple species","KEGG","K.05.09.03","3","is_a"
"K.05.10","K.05.10","Environmental adaptation","KEGG","K.05.10","2","is_a"
"K.05.10.01","04710","Circadian rhythm","KEGG","K.05.10.01","3","is_a"
"K.05.10.02","04713","Circadian entrainment","KEGG","K.05.10.02","3","is_a"
"K.05.10.03","04711","Circadian rhythm - fly","KEGG","K.05.10.03","3","is_a"
"K.05.10.04","04712","Circadian rhythm - plant","KEGG","K.05.10.04","3","is_a"
"K.05.10.05","04714","Thermogenesis","KEGG","K.05.10.05","3","is_a"
"K.05.10.06","04626","Plant-pathogen interaction","KEGG","K.05.10.06","3","is_a"
"K.06","K.06","Human Diseases","KEGG","K.06","1","is_a"
"K.06.01","K.06.01","Cancers: Overview","KEGG","K.06.01","2","is_a"
"K.06.01.01","05200","Pathways in cancer","KEGG","K.06.01.01","3","is_a"
"K.06.01.02","05230","Central carbon metabolism in cancer","KEGG","K.06.01.02","3","is_a"
"K.06.01.03","05231","Choline metabolism in cancer","KEGG","K.06.01.03","3","is_a"
"K.06.01.04","05202","Transcriptional misregulation in cancer","KEGG","K.06.01.04","3","is_a"
"K.06.01.05","05206","MicroRNAs in cancer","KEGG","K.06.01.05","3","is_a"
"K.06.01.06","05205","Proteoglycans in cancer","KEGG","K.06.01.06","3","is_a"
"K.06.01.07","05204","Chemical carcinogenesis","KEGG","K.06.01.07","3","is_a"
"K.06.01.08","05203","Viral carcinogenesis","KEGG","K.06.01.08","3","is_a"
"K.06.02","K.06.02","Cancers: Specific types","KEGG","K.06.02","2","is_a"
"K.06.02.01","05210","Colorectal cancer","KEGG","K.06.02.01","3","is_a"
"K.06.02.02","05212","Pancreatic cancer","KEGG","K.06.02.02","3","is_a"
"K.06.02.03","05225","Hepatocellular carcinoma","KEGG","K.06.02.03","3","is_a"
"K.06.02.04","05226","Gastric cancer","KEGG","K.06.02.04","3","is_a"
"K.06.02.05","05214","Glioma","KEGG","K.06.02.05","3","is_a"
"K.06.02.06","05216","Thyroid cancer","KEGG","K.06.02.06","3","is_a"
"K.06.02.07","05221","Acute myeloid leukemia","KEGG","K.06.02.07","3","is_a"
"K.06.02.08","05220","Chronic myeloid leukemia","KEGG","K.06.02.08","3","is_a"
"K.06.02.09","05217","Basal cell carcinoma","KEGG","K.06.02.09","3","is_a"
"K.06.02.10","05218","Melanoma","KEGG","K.06.02.10","3","is_a"
"K.06.02.11","05211","Renal cell carcinoma","KEGG","K.06.02.11","3","is_a"
"K.06.02.12","05219","Bladder cancer","KEGG","K.06.02.12","3","is_a"
"K.06.02.13","05215","Prostate cancer","KEGG","K.06.02.13","3","is_a"
"K.06.02.14","05213","Endometrial cancer","KEGG","K.06.02.14","3","is_a"
"K.06.02.15","05224","Breast cancer","KEGG","K.06.02.15","3","is_a"
"K.06.02.16","05222","Small cell lung cancer","KEGG","K.06.02.16","3","is_a"
"K.06.02.17","05223","Non-small cell lung cancer","KEGG","K.06.02.17","3","is_a"
"K.06.03","K.06.03","Immune diseases","KEGG","K.06.03","2","is_a"
"K.06.03.01","05310","Asthma","KEGG","K.06.03.01","3","is_a"
"K.06.03.02","05322","Systemic lupus erythematosus","KEGG","K.06.03.02","3","is_a"
"K.06.03.03","05323","Rheumatoid arthritis","KEGG","K.06.03.03","3","is_a"
"K.06.03.04","05320","Autoimmune thyroid disease","KEGG","K.06.03.04","3","is_a"
"K.06.03.05","05321","Inflammatory bowel disease (IBD)","KEGG","K.06.03.05","3","is_a"
"K.06.03.06","05330","Allograft rejection","KEGG","K.06.03.06","3","is_a"
"K.06.03.07","05332","Graft-versus-host disease","KEGG","K.06.03.07","3","is_a"
"K.06.03.08","05340","Primary immunodeficiency","KEGG","K.06.03.08","3","is_a"
"K.06.04","K.06.04","Neurodegenerative diseases","KEGG","K.06.04","2","is_a"
"K.06.04.01","05010","Alzheimer disease","KEGG","K.06.04.01","3","is_a"
"K.06.04.02","05012","Parkinson disease","KEGG","K.06.04.02","3","is_a"
"K.06.04.03","05014","Amyotrophic lateral sclerosis (ALS)","KEGG","K.06.04.03","3","is_a"
"K.06.04.04","05016","Huntington disease","KEGG","K.06.04.04","3","is_a"
"K.06.04.05","05020","Prion diseases","KEGG","K.06.04.05","3","is_a"
"K.06.05","K.06.05","Substance dependence","KEGG","K.06.05","2","is_a"
"K.06.05.01","05030","Cocaine addiction","KEGG","K.06.05.01","3","is_a"
"K.06.05.02","05031","Amphetamine addiction","KEGG","K.06.05.02","3","is_a"
"K.06.05.03","05032","Morphine addiction","KEGG","K.06.05.03","3","is_a"
"K.06.05.04","05033","Nicotine addiction","KEGG","K.06.05.04","3","is_a"
"K.06.05.05","05034","Alcoholism","KEGG","K.06.05.05","3","is_a"
"K.06.06","K.06.06","Cardiovascular diseases","KEGG","K.06.06","2","is_a"
"K.06.06.01","05418","Fluid shear stress and atherosclerosis","KEGG","K.06.06.01","3","is_a"
"K.06.06.02","05410","Hypertrophic cardiomyopathy (HCM)","KEGG","K.06.06.02","3","is_a"
"K.06.06.03","05412","Arrhythmogenic right ventricular cardiomyopathy (ARVC)","KEGG","K.06.06.03","3","is_a"
"K.06.06.04","05414","Dilated cardiomyopathy (DCM)","KEGG","K.06.06.04","3","is_a"
"K.06.06.05","05416","Viral myocarditis","KEGG","K.06.06.05","3","is_a"
"K.06.07","K.06.07","Endocrine and metabolic diseases","KEGG","K.06.07","2","is_a"
"K.06.07.01","04930","Type II diabetes mellitus","KEGG","K.06.07.01","3","is_a"
"K.06.07.02","04940","Type I diabetes mellitus","KEGG","K.06.07.02","3","is_a"
"K.06.07.03","04950","Maturity onset diabetes of the young","KEGG","K.06.07.03","3","is_a"
"K.06.07.04","04932","Non-alcoholic fatty liver disease (NAFLD)","KEGG","K.06.07.04","3","is_a"
"K.06.07.05","04931","Insulin resistance","KEGG","K.06.07.05","3","is_a"
"K.06.07.06","04933","AGE-RAGE signaling pathway in diabetic complications","KEGG","K.06.07.06","3","is_a"
"K.06.07.07","04934","Cushing syndrome","KEGG","K.06.07.07","3","is_a"
"K.06.08","K.06.08","Infectious diseases: Bacterial","KEGG","K.06.08","2","is_a"
"K.06.08.01","05110","Vibrio cholerae infection","KEGG","K.06.08.01","3","is_a"
"K.06.08.02","05120","Epithelial cell signaling in Helicobacter pylori infection","KEGG","K.06.08.02","3","is_a"
"K.06.08.03","05130","Pathogenic Escherichia coli infection","KEGG","K.06.08.03","3","is_a"
"K.06.08.04","05132","Salmonella infection","KEGG","K.06.08.04","3","is_a"
"K.06.08.05","05131","Shigellosis","KEGG","K.06.08.05","3","is_a"
"K.06.08.06","05133","Pertussis","KEGG","K.06.08.06","3","is_a"
"K.06.08.07","05134","Legionellosis","KEGG","K.06.08.07","3","is_a"
"K.06.08.08","05150","Staphylococcus aureus infection","KEGG","K.06.08.08","3","is_a"
"K.06.08.09","05152","Tuberculosis","KEGG","K.06.08.09","3","is_a"
"K.06.08.10","05100","Bacterial invasion of epithelial cells","KEGG","K.06.08.10","3","is_a"
"K.06.09","K.06.09","Infectious diseases: Viral","KEGG","K.06.09","2","is_a"
"K.06.09.01","05166","Human T-cell leukemia virus 1 infection","KEGG","K.06.09.01","3","is_a"
"K.06.09.02","05170","Human immunodeficiency virus 1 infection","KEGG","K.06.09.02","3","is_a"
"K.06.09.03","05162","Measles","KEGG","K.06.09.03","3","is_a"
"K.06.09.04","05164","Influenza A","KEGG","K.06.09.04","3","is_a"
"K.06.09.05","05161","Hepatitis B","KEGG","K.06.09.05","3","is_a"
"K.06.09.06","05160","Hepatitis C","KEGG","K.06.09.06","3","is_a"
"K.06.09.07","05168","Herpes simplex virus 1 infection","KEGG","K.06.09.07","3","is_a"
"K.06.09.08","05163","Human cytomegalovirus infection","KEGG","K.06.09.08","3","is_a"
"K.06.09.09","05167","Kaposi sarcoma-associated herpesvirus infection","KEGG","K.06.09.09","3","is_a"
"K.06.09.10","05169","Epstein-Barr virus infection","KEGG","K.06.09.10","3","is_a"
"K.06.09.11","05165","Human papillomavirus infection","KEGG","K.06.09.11","3","is_a"
"K.06.10","K.06.10","Infectious diseases: Parasitic","KEGG","K.06.10","2","is_a"
"K.06.10.01","05146","Amoebiasis","KEGG","K.06.10.01","3","is_a"
"K.06.10.02","05144","Malaria","KEGG","K.06.10.02","3","is_a"
"K.06.10.03","05145","Toxoplasmosis","KEGG","K.06.10.03","3","is_a"
"K.06.10.04","05140","Leishmaniasis","KEGG","K.06.10.04","3","is_a"
"K.06.10.05","05142","Chagas disease (American trypanosomiasis)","KEGG","K.06.10.05","3","is_a"
"K.06.10.06","05143","African trypanosomiasis","KEGG","K.06.10.06","3","is_a"
"K.06.11","K.06.11","Drug resistance: Antimicrobial","KEGG","K.06.11","2","is_a"
"K.06.11.01","01501","beta-Lactam resistance","KEGG","K.06.11.01","3","is_a"
"K.06.11.02","01502","Vancomycin resistance","KEGG","K.06.11.02","3","is_a"
"K.06.11.03","01503","Cationic antimicrobial peptide (CAMP) resistance","KEGG","K.06.11.03","3","is_a"
"K.06.12","K.06.12","Drug resistance: Antineoplastic","KEGG","K.06.12","2","is_a"
"K.06.12.01","01521","EGFR tyrosine kinase inhibitor resistance","KEGG","K.06.12.01","3","is_a"
"K.06.12.02","01524","Platinum drug resistance","KEGG","K.06.12.02","3","is_a"
"K.06.12.03","01523","Antifolate resistance","KEGG","K.06.12.03","3","is_a"
"K.06.12.04","01522","Endocrine resistance","KEGG","K.06.12.04","3","is_a"
"K.07","K.07","Drug Development","KEGG","K.07","1","is_a"
"K.07.01","K.07.01","Chronology: Antiinfectives","KEGG","K.07.01","2","is_a"
"K.07.01.01","07011","Penicillins","KEGG","K.07.01.01","3","is_a"
"K.07.01.02","07012","Cephalosporins - parenteral agents","KEGG","K.07.01.02","3","is_a"
"K.07.01.03","07013","Cephalosporins - oral agents","KEGG","K.07.01.03","3","is_a"
"K.07.01.04","07021","Aminoglycosides","KEGG","K.07.01.04","3","is_a"
"K.07.01.05","07019","Tetracyclines","KEGG","K.07.01.05","3","is_a"
"K.07.01.06","07020","Macrolides and ketolides","KEGG","K.07.01.06","3","is_a"
"K.07.01.07","07014","Quinolones","KEGG","K.07.01.07","3","is_a"
"K.07.01.08","07023","Rifamycins","KEGG","K.07.01.08","3","is_a"
"K.07.01.09","07026","Antifungal agents","KEGG","K.07.01.09","3","is_a"
"K.07.01.10","07044","Antiviral agents","KEGG","K.07.01.10","3","is_a"
"K.07.01.11","07053","Anti-HIV agents","KEGG","K.07.01.11","3","is_a"
"K.07.02","K.07.02","Chronology: Antineoplastics","KEGG","K.07.02","2","is_a"
"K.07.02.01","07040","Antineoplastics - alkylating agents","KEGG","K.07.02.01","3","is_a"
"K.07.02.02","07041","Antineoplastics - antimetabolic agents","KEGG","K.07.02.02","3","is_a"
"K.07.02.03","07042","Antineoplastics - agents from natural products","KEGG","K.07.02.03","3","is_a"
"K.07.02.04","07043","Antineoplastics - hormones","KEGG","K.07.02.04","3","is_a"
"K.07.02.05","07045","Antineoplastics - protein kinases inhibitors","KEGG","K.07.02.05","3","is_a"
"K.07.03","K.07.03","Chronology: Nervous system agents","KEGG","K.07.03","2","is_a"
"K.07.03.01","07032","Hypnotics","KEGG","K.07.03.01","3","is_a"
"K.07.03.02","07030","Anxiolytics","KEGG","K.07.03.02","3","is_a"
"K.07.03.03","07033","Anticonvulsants","KEGG","K.07.03.03","3","is_a"
"K.07.03.04","07015","Local analgesics","KEGG","K.07.03.04","3","is_a"
"K.07.03.05","07039","Opioid analgesics","KEGG","K.07.03.05","3","is_a"
"K.07.03.06","07028","Antipsychotics","KEGG","K.07.03.06","3","is_a"
"K.07.03.07","07029","Antipsychotics - phenothiazines","KEGG","K.07.03.07","3","is_a"
"K.07.03.08","07031","Antipsychotics - butyrophenones","KEGG","K.07.03.08","3","is_a"
"K.07.03.09","07027","Antidepressants","KEGG","K.07.03.09","3","is_a"
"K.07.03.10","07056","Agents for Alzheimer-type dementia","KEGG","K.07.03.10","3","is_a"
"K.07.03.11","07057","Antiparkinsonian agents","KEGG","K.07.03.11","3","is_a"
"K.07.04","K.07.04","Chronology: Other drugs","KEGG","K.07.04","2","is_a"
"K.07.04.01","07055","Sulfonamide derivatives - overview","KEGG","K.07.04.01","3","is_a"
"K.07.04.02","07016","Sulfonamide derivatives - sulfa drugs","KEGG","K.07.04.02","3","is_a"
"K.07.04.03","07017","Sulfonamide derivatives - diuretics","KEGG","K.07.04.03","3","is_a"
"K.07.04.04","07018","Sulfonamide derivatives - hypoglycemic agents","KEGG","K.07.04.04","3","is_a"
"K.07.04.05","07037","Antiarrhythmic drugs","KEGG","K.07.04.05","3","is_a"
"K.07.04.06","07038","Antiulcer drugs","KEGG","K.07.04.06","3","is_a"
"K.07.04.07","07046","Immunosuppressive agents","KEGG","K.07.04.07","3","is_a"
"K.07.04.08","07047","Osteoporosis drugs","KEGG","K.07.04.08","3","is_a"
"K.07.04.09","07048","Antimigraines","KEGG","K.07.04.09","3","is_a"
"K.07.04.10","07049","Antithrombosis agents","KEGG","K.07.04.10","3","is_a"
"K.07.04.11","07050","Antirheumatics - DMARDs and biological agents","KEGG","K.07.04.11","3","is_a"
"K.07.04.12","07051","Antidiabetics","KEGG","K.07.04.12","3","is_a"
"K.07.04.13","07052","Antidyslipidemic agents","KEGG","K.07.04.13","3","is_a"
"K.07.04.14","07054","Antiglaucoma agents","KEGG","K.07.04.14","3","is_a"
"K.07.05","K.07.05","Target-based classification: G protein-coupled receptors","KEGG","K.07.05","2","is_a"
"K.07.05.01","07220","Cholinergic and anticholinergic drugs","KEGG","K.07.05.01","3","is_a"
"K.07.05.02","07215","alpha-Adrenergic receptor agonists/antagonists","KEGG","K.07.05.02","3","is_a"
"K.07.05.03","07214","beta-Adrenergic receptor agonists/antagonists","KEGG","K.07.05.03","3","is_a"
"K.07.05.04","07213","Dopamine receptor agonists/antagonists","KEGG","K.07.05.04","3","is_a"
"K.07.05.05","07212","Histamine H1 receptor antagonists","KEGG","K.07.05.05","3","is_a"
"K.07.05.06","07227","Histamine H2/H3 receptor agonists/antagonists","KEGG","K.07.05.06","3","is_a"
"K.07.05.07","07211","Serotonin receptor agonists/antagonists","KEGG","K.07.05.07","3","is_a"
"K.07.05.08","07228","Eicosanoid receptor agonists/antagonists","KEGG","K.07.05.08","3","is_a"
"K.07.05.09","07224","Opioid receptor agonists/antagonists","KEGG","K.07.05.09","3","is_a"
"K.07.05.10","07229","Angiotensin receptor and endothelin receptor antagonists","KEGG","K.07.05.10","3","is_a"
"K.07.06","K.07.06","Target-based classification: Nuclear receptors","KEGG","K.07.06","2","is_a"
"K.07.06.01","07225","Glucocorticoid and mineralocorticoid receptor agonists/antagonists","KEGG","K.07.06.01","3","is_a"
"K.07.06.02","07226","Progesterone, androgen and estrogen receptor agonists/antagonists","KEGG","K.07.06.02","3","is_a"
"K.07.06.03","07223","Retinoic acid receptor (RAR) and retinoid X receptor (RXR) agonists/antagonists","KEGG","K.07.06.03","3","is_a"
"K.07.06.04","07222","Peroxisome proliferator-activated receptor (PPAR) agonists","KEGG","K.07.06.04","3","is_a"
"K.07.07","K.07.07","Target-based classification: Ion channels","KEGG","K.07.07","2","is_a"
"K.07.07.01","07221","Nicotinic cholinergic receptor antagonists","KEGG","K.07.07.01","3","is_a"
"K.07.07.02","07230","GABA-A receptor agonists/antagonists","KEGG","K.07.07.02","3","is_a"
"K.07.07.03","07036","Calcium channel blocking drugs","KEGG","K.07.07.03","3","is_a"
"K.07.07.04","07231","Sodium channel blocking drugs","KEGG","K.07.07.04","3","is_a"
"K.07.07.05","07232","Potassium channel blocking and opening drugs","KEGG","K.07.07.05","3","is_a"
"K.07.07.06","07235","N-Metyl-D-aspartic acid receptor antagonists","KEGG","K.07.07.06","3","is_a"
"K.07.08","K.07.08","Target-based classification: Transporters","KEGG","K.07.08","2","is_a"
"K.07.08.01","07233","Ion transporter inhibitors","KEGG","K.07.08.01","3","is_a"
"K.07.08.02","07234","Neurotransmitter transporter inhibitors","KEGG","K.07.08.02","3","is_a"
"K.07.09","K.07.09","Target-based classification: Enzymes","KEGG","K.07.09","2","is_a"
"K.07.09.01","07216","Catecholamine transferase inhibitors","KEGG","K.07.09.01","3","is_a"
"K.07.09.02","07219","Cyclooxygenase inhibitors","KEGG","K.07.09.02","3","is_a"
"K.07.09.03","07024","HMG-CoA reductase inhibitors","KEGG","K.07.09.03","3","is_a"
"K.07.09.04","07217","Renin-angiotensin system inhibitors","KEGG","K.07.09.04","3","is_a"
"K.07.09.05","07218","HIV protease inhibitors","KEGG","K.07.09.05","3","is_a"
"K.07.10","K.07.10","Structure-based classification","KEGG","K.07.10","2","is_a"
"K.07.10.01","07025","Quinolines","KEGG","K.07.10.01","3","is_a"
"K.07.10.02","07034","Eicosanoids","KEGG","K.07.10.02","3","is_a"
"K.07.10.03","07035","Prostaglandins","KEGG","K.07.10.03","3","is_a"
"K.07.11","K.07.11","Skeleton-based classification","KEGG","K.07.11","2","is_a"
"K.07.11.01","07110","Benzoic acid family","KEGG","K.07.11.01","3","is_a"
"K.07.11.02","07112","1,2-Diphenyl substitution family","KEGG","K.07.11.02","3","is_a"
"K.07.11.03","07114","Naphthalene family","KEGG","K.07.11.03","3","is_a"
"K.07.11.04","07117","Benzodiazepine family","KEGG","K.07.11.04","3","is_a"
